"id","state","gender","age","O","C","E","A","N","z_o","z_c","z_e","z_a","z_n"
10,"MN",1,40,4.3,4.89,2,4.33,4,0.58751299937396,0.525440821009794,-0.68330652620797,0.384422369541641,0.370999243815589
15,"AZ",1,70,3,3.22,3.25,4.33,1.5,-0.58751299937396,-0.525440821009794,0.68330652620797,-0.384422369541641,-0.370999243815589
17,"NJ",0,60,3.4,3.11,2.5,4,1.5,0.88126949906094,0.788161231514692,-1.02495978931196,0.576633554312461,0.556498865723383
19,"NJ",0,40,3.2,2.67,3.38,3.22,3.25,-1.73357708970204,-2.01048403228247,0.750089762380859,-1.56464323051374,1.1768550458522
1,"MI",0,40,3.6,3.89,2.75,3.78,2.88,-0.459253119228941,0.737840618366762,-0.237609867724881,0.340677755076559,0.618789129468557
5,"CO",0,40,3.8,3.78,2.25,3.44,2.13,0.177908866007608,0.490040854783634,-1.0214984630469,-0.816124271888981,-0.512425565903686
4,"MI",0,40,4.1,3.56,3.88,4.11,1.25,1.13365184386243,-0.00555867238261969,1.53397835770287,1.4634561930137,-1.83971747514045
